{
    "true": {
        "model": {
            "true": {
                "model": {
                    "entropy": 0.0007358770235441625,
                    "l1ln": 1252.9244384765625,
                    "l1": 43.73047637939453,
                    "l2": 0.05489804968237877
                },
                "data": {
                    "entropy": 8.696082659298554e-05,
                    "l1ln": 51.661415100097656,
                    "l1": 449.59423828125,
                    "l2": 0.005964563228189945
                },
                "dist": {
                    "entropy": -0.00014243113400880247,
                    "l1ln": 2246.451904296875,
                    "l1": 6.110551357269287,
                    "l2": 0.39592620730400085
                }
            },
            "false": {
                "model": {
                    "entropy": -0.00010848257079487666,
                    "l1ln": 2505.848876953125,
                    "l1": 4.696429252624512,
                    "l2": 0.3024634122848511
                },
                "data": {
                    "entropy": 9.039185533765703e-05,
                    "l1ln": 103.32283020019531,
                    "l1": 405.6234436035156,
                    "l2": 0.006604547146707773
                },
                "dist": {
                    "entropy": -3.84944214602001e-05,
                    "l1ln": 4492.90380859375,
                    "l1": 0.08948322385549545,
                    "l2": 20.97808837890625
                }
            }
        },
        "data": {
            "true": {
                "model": {
                    "entropy": 0.0014716106234118342,
                    "l1ln": 2505.604736328125,
                    "l1": 87.45243072509766,
                    "l2": 0.10978540033102036
                },
                "data": {
                    "entropy": 0.00017390470020473003,
                    "l1ln": 103.3127670288086,
                    "l1": 899.100830078125,
                    "l2": 0.01192796416580677
                },
                "dist": {
                    "entropy": -0.0002848345029633492,
                    "l1ln": 4492.46630859375,
                    "l1": 12.2199125289917,
                    "l2": 0.7917752861976624
                }
            },
            "false": {
                "model": {
                    "entropy": -0.0002169439976569265,
                    "l1ln": 5011.208984375,
                    "l1": 9.391942977905273,
                    "l2": 0.6048678755760193
                },
                "data": {
                    "entropy": 0.00018076608830597252,
                    "l1ln": 206.6255340576172,
                    "l1": 811.1678466796875,
                    "l2": 0.013207807205617428
                },
                "dist": {
                    "entropy": -7.698134140809998e-05,
                    "l1ln": 8984.9326171875,
                    "l1": 0.1789489984512329,
                    "l2": 41.95208740234375
                }
            }
        },
        "dist": {
            "true": {
                "model": {
                    "entropy": 0.0014716106234118342,
                    "l1ln": 2505.604736328125,
                    "l1": 87.45243072509766,
                    "l2": 0.10978540033102036
                },
                "data": {
                    "entropy": 0.00017390470020473003,
                    "l1ln": 103.3127670288086,
                    "l1": 899.100830078125,
                    "l2": 0.01192796416580677
                },
                "dist": {
                    "entropy": -0.0002848345029633492,
                    "l1ln": 4492.46630859375,
                    "l1": 12.2199125289917,
                    "l2": 0.7917752861976624
                }
            },
            "false": {
                "model": {
                    "entropy": -0.0002169439976569265,
                    "l1ln": 5011.208984375,
                    "l1": 9.391942977905273,
                    "l2": 0.6048678755760193
                },
                "data": {
                    "entropy": 0.00018076608830597252,
                    "l1ln": 206.6255340576172,
                    "l1": 811.1678466796875,
                    "l2": 0.013207807205617428
                },
                "dist": {
                    "entropy": -7.698134140809998e-05,
                    "l1ln": 8984.9326171875,
                    "l1": 0.1789489984512329,
                    "l2": 41.95208740234375
                }
            }
        }
    },
    "false": {
        "model": {
            "true": {
                "model": {
                    "entropy": 0.0003702296526171267,
                    "l1ln": 630.3632202148438,
                    "l1": 22.001394271850586,
                    "l2": 0.027619950473308563
                },
                "data": {
                    "entropy": 4.3751166231231764e-05,
                    "l1ln": 25.99155616760254,
                    "l1": 226.19692993164062,
                    "l2": 0.0030008521862328053
                },
                "dist": {
                    "entropy": -7.16590293450281e-05,
                    "l1ln": 1130.2203369140625,
                    "l1": 3.07430100440979,
                    "l2": 0.19919583201408386
                }
            },
            "false": {
                "model": {
                    "entropy": -5.457904626382515e-05,
                    "l1ln": 1260.726318359375,
                    "l1": 2.3628368377685547,
                    "l2": 0.15217342972755432
                },
                "data": {
                    "entropy": 4.547736170934513e-05,
                    "l1ln": 51.98311233520508,
                    "l1": 204.0746307373047,
                    "l2": 0.0033228369429707527
                },
                "dist": {
                    "entropy": -1.9367063941899687e-05,
                    "l1ln": 2260.440673828125,
                    "l1": 0.0450202152132988,
                    "l2": 10.554359436035156
                }
            }
        },
        "data": {
            "true": {
                "model": {
                    "entropy": 0.0014716106234118342,
                    "l1ln": 2505.604736328125,
                    "l1": 87.45243072509766,
                    "l2": 0.10978540033102036
                },
                "data": {
                    "entropy": 0.00017390470020473003,
                    "l1ln": 103.3127670288086,
                    "l1": 899.100830078125,
                    "l2": 0.01192796416580677
                },
                "dist": {
                    "entropy": -0.0002848345029633492,
                    "l1ln": 4492.46630859375,
                    "l1": 12.2199125289917,
                    "l2": 0.7917752861976624
                }
            },
            "false": {
                "model": {
                    "entropy": -0.0002169439976569265,
                    "l1ln": 5011.208984375,
                    "l1": 9.391942977905273,
                    "l2": 0.6048678755760193
                },
                "data": {
                    "entropy": 0.00018076608830597252,
                    "l1ln": 206.6255340576172,
                    "l1": 811.1678466796875,
                    "l2": 0.013207807205617428
                },
                "dist": {
                    "entropy": -7.698134140809998e-05,
                    "l1ln": 8984.9326171875,
                    "l1": 0.1789489984512329,
                    "l2": 41.95208740234375
                }
            }
        },
        "dist": {
            "true": {
                "model": {
                    "entropy": 0.0014716106234118342,
                    "l1ln": 2505.604736328125,
                    "l1": 87.45243072509766,
                    "l2": 0.10978540033102036
                },